strID,strDST,strSEC,strNM,strAD1,strAD2,StrCM,strCT,strPC,strGR,strILEn,strILFr,strURL,intBuilt,xcoord,ycoord
"1228",DSF-S,Francophone,École Mont Carmel,"1545, Route 525",NULL,Sainte-Marie-de-Kent,Kent,E4S 2H2,"Maternelle, 1-8",French,Français,http://mont-carmel.nbed.nb.ca,"1992",2628715.18952016,7491881.64907856
"4010",ASD-N,Anglophone,Harcourt School,155 West Side Harcourt Rd.,NULL,Harcourt,Kent,E4T 2Y3,"Kindergarten, 1-5",English,Anglais,http://harcourtschool.nbed.nb.ca,"1951",2596025.37252972,7497723.034172
"1226",DSF-S,Francophone,École Clément-Cormier,"37, avenue Richard",NULL,Bouctouche,Kent,E4S 3T5,9-12,French,Français,http://ecc.nbed.nb.ca/,"1969",2636364.98459928,7498815.30271702
"1202",DSF-S,Francophone,École Dr-Marguerite-Michaud,"42, avenue Richard",NULL,Bouctouche,Kent,E4S 3N1,"Maternelle, 1-8",French,Français,http://edmm.nbed.nb.ca,"1988",2636487.0644714,7498619.25369283
"1206",DSF-S,Francophone,École Blanche-Bourgeois,"29, chemin Cocagne Cross",NULL,Cocagne,Kent,E4R 2J1,"Maternelle, 1-8",French,Français,http://blanche-bourgeois.nbed.nb.ca,"1996",2645018.55670335,7484790.25054396
"1227",DSF-S,Francophone,École Camille-Vautour,"7, avenue Clément",NULL,Saint-Antoine,Kent,E4V 1E2,"Maternelle, 1-8",French,Français,http://camille-vautour.nbed.nb.ca,"1992",2634383.42594144,7485877.94910497
"1213",DSF-S,Francophone,École Notre-Dame,"3860, Route 115",NULL,Notre-Dame,Kent,E4V 2J2,"Maternelle, 1-8",French,Français,http://notre-dame.nbed.nb.ca/,"1958",2635958.26779891,7480070.15005956
"1331",DSF-S,Francophone,Polyvalente Louis-J.-Robichaud,"435, rue Main",NULL,Shediac,Westmorland,E4P 2C1,9-12,French,Français,http://ljr.nbed.nb.ca,"1969",2651858.02205371,7470614.22966675
"1315",DSF-S,Francophone,École Mgr-François-Bourgeois,"294, avenue Belliveau",NULL,Shediac,Westmorland,E4P 1H6,"Maternelle, 1-8",French,Français,http://mfb.nbed.nb.ca,"1987",2651374.69277326,7471037.96125115
"1317",DSF-S,Francophone,École Père-Edgar-T.-LeBlanc,"1351, Route 133",NULL,Grand-Barachois,Westmorland,E4P 8C8,"Maternelle, 1-8",French,Français,http://petl.nbed.nb.ca,"2000",2660330.30366161,7471418.4415075
"1356",DSF-S,Francophone,École Donat-Robichaud,"2632, chemin Acadie",NULL,Cap-Pelé,Westmorland,E4N 1E3,"Maternelle, 1-8",French,Français,http://donat-robichaud.nbed.nb.ca,"1977",2671764.46085626,7471042.05315515
"1411",ASD-E,Anglophone,Tantramar Regional High School,223 Main Street,NULL,Sackville,Westmorland,E4L 3A7,9-12,"English, French Immersion","Anglais, Immersion française",http://trhs.nbed.nb.ca,"1968",2665287.04248222,7436651.00518712
"1402",ASD-E,Anglophone,Marshview Middle School,19 Queen's Road,NULL,Sackville,Westmorland,E4L 4G4,5-8,"English, French Immersion","Anglais, Immersion française",http://marshview.nbed.nb.ca/,"1949",2665306.64376224,7434621.22150523
"1417",ASD-E,Anglophone,Salem Elementary School,70 Queen's Road,NULL,Sackville,Westmorland,E4L 4G9,"Kindergarten, 1-4","English, French Immersion","Anglais, Immersion française",http://salem.nbed.nb.ca,"1980",2664852.29150582,7434294.88908892
"1401",ASD-E,Anglophone,Dorchester Consolidated School,18 Harrop Avenue,NULL,Dorchester,Westmorland,E4K 2X9,"Kindergarten, 1-8",English,Anglais,http://dorchester.nbed.nb.ca/,"1949",2653945.79895166,7434715.54918532
"1416",ASD-E,Anglophone,Port Elgin Regional School,33 Moore Road,NULL,Port Elgin,Westmorland,E4M 2E6,"Kindergarten, 1-8","English, French Immersion","Anglais, Immersion française",http://portelgin.nbed.nb.ca,"1996",2686115.57370162,7452674.98741004
"1340",DSF-S,Francophone,École Abbey-Landry,"432, rue Centrale",NULL,Memramcook,Westmorland,E4K 3S5,"Maternelle, 1-8",French,Français,http://abbey-landry.nbed.nb.ca,"1961",2649717.42825972,7444122.34906608
"1572",ASD-E,Anglophone,Arnold H. McLeod School,280 Storey Road East,NULL,Moncton,Westmorland,E1A 5Z3,"Kindergarten, 1-5","English, French Immersion","Anglais, Immersion française",http://ahm.nbed.nb.ca,"1983",2634932.58664595,7458129.55189512
"1571",ASD-E,Anglophone,Lewisville Middle School,45 McAuley Drive,NULL,Moncton,Westmorland,E1A 5R8,6-8,"English, French Immersion","Anglais, Immersion française",http://lewisville.nbed.nb.ca/,"1980",2635948.9616869,7457836.50459885
"1541",ASD-E,Anglophone,Mountain View School,2586 Route 115,NULL,Irishtown,Westmorland,E1H 2M4,"Kindergarten, 1-5",English,Anglais,http://mountainview.nbed.nb.ca,"1963",2630858.06017816,7469123.77603336
"1539",ASD-E,Anglophone,Moncton High School,140 Longfellow Drive,NULL,Moncton,Westmorland,E1H 0G4,9-12,"English, French Immersion","Anglais, Immersion française",http://monctonhigh.nbed.nb.ca/,"2015",2631972.3344832,7464118.8330527
"1559",ASD-E,Anglophone,Sunny Brae Middle School,170 Curry Street,NULL,Moncton,Westmorland,E1A 3W1,5-8,"English, French Immersion","Anglais, Immersion française",http://sunnybrae.nbed.nb.ca,"1956",2633158.0256203,7457799.20079082
"1514",ASD-E,Anglophone,Forest Glen School,43 Keenan Drive,NULL,Moncton,Westmorland,E1A 3P8,"Kindergarten, 1-4","English, French Immersion","Anglais, Immersion française",http://forestglenschool.nbed.nb.ca,"1965",2633440.40130056,7459398.21109631
"1360",DSF-S,Francophone,École L'Odyssée,"60, promenade Léopold F. Belliveau",NULL,Moncton,Westmorland,E1A 8V4,9-12,French,Français,http://Lodyssee.nbed.nb.ca,"2005",2632075.85857929,7459074.882328
"1359",DSF-S,Francophone,École Le Mascaret,"50, promenade Léopold F. Belliveau",NULL,Moncton,Westmorland,E1A 8V3,6-8,French,Français,http://Lemascaret.nbed.nb.ca,"2005",2632057.47112327,7459121.64968805
"1350",DSF-S,Francophone,École Saint-Henri,"101, avenue Gross",NULL,Moncton,Westmorland,E1C 7H3,"Maternelle, 1-5",French,Français,http://saint-henri.nbed.nb.ca,"1949",2630647.74542596,7457459.6098785
"1547",ASD-E,Anglophone,Queen Elizabeth School,31 Lynch Street,NULL,Moncton,Westmorland,E1C 3L5,"Kindergarten, 1-8","English, French Immersion","Anglais, Immersion française",http://queenelizabeth.nbed.nb.ca,"1953",2631152.91880243,7457062.13339813
"1349",DSF-S,Francophone,École Sainte-Bernadette,"46, rue Upton",NULL,Moncton,Westmorland,E1E 3Z1,"Maternelle, 1-5",French,Français,http://stebernadette.nbed.nb.ca,"2013",2631453.17813071,7454556.0021958
"1517",ASD-E,Anglophone,Harrison Trimble High School,80 Echo Drive,NULL,Moncton,Westmorland,E1C 3H8,9-12,"English, French Immersion","Anglais, Immersion française",http://hths.nbed.nb.ca,"1961",2630627.38523394,7456821.43182991
"1573",ASD-E,Anglophone,Edith Cavell School,125 Park Street,NULL,Moncton,Westmorland,E1C 2B4,"Kindergarten, 1-8","English, French Immersion","Anglais, Immersion française",http://edithcavell.nbed.nb.ca,"1988",2632416.79963561,7456067.8789332
"1569",ASD-E,Anglophone,Bernice MacNaughton High School,999 St. George Blvd.,NULL,Moncton,Westmorland,E1E 2C9,9-12,"English, French Immersion","Anglais, Immersion française",http://bmhs.nbed.nb.ca,"1975",2629250.95668866,7455411.28501259
"1504",ASD-E,Anglophone,Bessborough School,93 Bessborough Avenue,NULL,Moncton,Westmorland,E1E 1P6,"Kindergarten, 1-8","English, French Immersion","Anglais, Immersion française",http://bessborough.nbed.nb.ca/,"1958",2630779.26952209,7454710.46043594
"1519",ASD-E,Anglophone,Hillcrest School,60 Parlee Drive,NULL,Moncton,Westmorland,E1E 3B3,"Kindergarten, 1-8","English, French Immersion","Anglais, Immersion française",http://hillcrest.nbed.nb.ca,"1954",2631057.89070635,7455348.97870854
"1576",ASD-E,Anglophone,Evergreen Park School,333 Evergreen Drive,NULL,Moncton,Westmorland,E1G 2J2,"Kindergarten, 1-8","English, French Immersion","Anglais, Immersion française",http://evergreenpark.nbed.nb.ca,"1996",2626690.65563028,7458314.0065513
"1570",ASD-E,Anglophone,Riverview High School,400 Whitepine Road,NULL,Riverview,Albert,E1B 4H8,9-12,"English, French Immersion","Anglais, Immersion française",http://rhsroyals.nbed.nb.ca,"1977",2631432.02152269,7452135.35195354
"1551",ASD-E,Anglophone,West Riverview School,684 Coverdale Road,NULL,Riverview,Albert,E1B 3K6,"Kindergarten, 1-5","English, French Immersion","Anglais, Immersion française",http://westriverview.nbed.nb.ca,"1963",2630655.61076997,7452705.66606607
"1567",ASD-E,Anglophone,Claude D. Taylor School,200 Whitepine Road,NULL,Riverview,Albert,E1B 3L7,"Kindergarten, 1-5","English, French Immersion","Anglais, Immersion française",http://claudedtaylor.nbed.nb.ca,"1973",2630219.91412956,7451359.80852882
"1549",ASD-E,Anglophone,Riverview Middle School,45 Devere Road,NULL,Riverview,Albert,E1B 2M4,6-8,"English, French Immersion","Anglais, Immersion française",http://rms.nbed.nb.ca,"1949",2631840.77966707,7452801.31944216
"1550",ASD-E,Anglophone,Frank L. Bowser School,424 Cleveland Avenue,NULL,Riverview,Albert,E1B 1Y2,"Kindergarten, 1-5","English, French Immersion","Anglais, Immersion française",http://flb.nbed.nb.ca,"1962",2631895.58209912,7452615.81569799
"1578",ASD-E,Anglophone,Riverview East School,49 Chambers Road,NULL,Riverview,Albert,E1B 0P5,"Kindergarten, 1-8","English, French Immersion","Anglais, Immersion française",http://rivervieweast.nbed.nb.ca,"2013",2633188.58523633,7453405.76129872
"1932",ASD-S,Anglophone,Quispamsis Elementary School,290 Hampton Road,NULL,Quispamsis,Kings,E2E 4N1,"Kindergarten, 1-5","English, French Immersion","Anglais, Immersion française",http://quispamsiselementary.nbed.nb.ca,"1960",2542465.03711984,7379317.33191773
"1941",ASD-S,Anglophone,Kennebecasis Valley High School,398 Hampton Road,NULL,Quispamsis,Kings,E2E 4V5,9-12,"English, French Immersion","Anglais, Immersion française",http://kvhs.nbed.nb.ca/,"1974",2543245.22899256,7380566.79534289
"1946",ASD-S,Anglophone,Quispamsis Middle School,189 Pettingill Road,NULL,Quispamsis,Kings,E2E 3S8,6-8,"English, French Immersion","Anglais, Immersion française",http://qms.nbed.nb.ca,"1986",2541655.40819108,7380838.30830314
"1943",ASD-S,Anglophone,Lakefield Elementary School,9 Kensington Avenue,NULL,Quispamsis,Kings,E2E 2T8,"Kindergarten, 1-5","English, French Immersion","Anglais, Immersion française",http://lakefieldelementary.nbed.nb.ca,"1978",2541051.72921452,7379897.91124627
"2014",ASD-S,Anglophone,Glen Falls School,10 Princess Court,NULL,Saint John,Saint John,E2H 1X9,"Kindergarten, 1-5",English,Anglais,http://glenfalls.nbed.nb.ca,"1973",2537297.24921102,7368601.99251575
"1930",ASD-S,Anglophone,Fairvale Elementary School,11 School Avenue,NULL,Rothesay,Kings,E2E 1Z9,"Kindergarten, 1-5","English, French Immersion","Anglais, Immersion française",http://fairvale-elementary.nbed.nb.ca,"1958",2539886.91884543,7379086.75310151
"1928",ASD-S,Anglophone,Rothesay High School,61 Hampton Road,NULL,Rothesay,Kings,E2E 5L6,9-12,"English, French Immersion","Anglais, Immersion française",http://rhs.nbed.nb.ca,"1992",2540056.18194959,7377204.83194776
"1929",ASD-S,Anglophone,Harry Miller Middle School,63 Hampton Road,NULL,Rothesay,Kings,E2E 5L6,6-8,"English, French Immersion","Anglais, Immersion française",http://harrymiller.nbed.nb.ca,"1962",2539885.72140543,7377396.78177194
"1927",ASD-S,Anglophone,Rothesay Elementary School,230 Eriskay Drive,NULL,Rothesay,Kings,E2E 5G7,"Kindergarten, 1-5","English, French Immersion","Anglais, Immersion française",http://rothesay-elementary.nbed.nb.ca,"1974",2540281.4541418,7376648.91706724
"1942",ASD-S,Anglophone,Rothesay Park School,7 Hampton Road,NULL,Rothesay,Kings,E2E 5K8,6-8,"English, French Immersion","Anglais, Immersion française",http://rothesaypark.nbed.nb.ca,"1975",2539424.758077,7376517.61364312
"1931",ASD-S,Anglophone,Kennebecasis Park Elementary School,10 Broadway Street,NULL,Rothesay,Kings,E2H 1B2,"Kindergarten, 1-5",English,Anglais,http://Kparkschool.nbed.nb.ca,"1964",2537143.00562688,7372221.11495112
"2028",ASD-S,Anglophone,Lakewood Heights School,56 Lensdale Crescent,NULL,Saint John,Saint John,E2J 3P3,"Kindergarten, 1-5",English,Anglais,http://lakewoodheights.nbed.nb.ca,"1963",2540766.59078225,7368347.66061151
"2030",ASD-S,Anglophone,Loch Lomond School,25 Evergreen Avenue,NULL,Saint John,Saint John,E2N 1H3,"Kindergarten, 1-5","English, French Immersion","Anglais, Immersion française",http://lochlomond.nbed.nb.ca,"1953",2546973.37850003,7370544.51923756
"2066",ASD-S,Anglophone,Bayside Middle School,75 Bayside Drive,NULL,Saint John,Saint John,E2J 1A1,6-8,"English, French Immersion","Anglais, Immersion française",http://bayside.nbed.nb.ca,"1949",2536143.36876195,7365074.65555246
"2008",ASD-S,Anglophone,Champlain Heights School,111 Champlain Drive,NULL,Saint John,Saint John,E2J 3E4,"Kindergarten, 1-5",English,Anglais,http://champlainheights.nbed.nb.ca,"1956",2539071.39666868,7365750.48300909
"2047",ASD-S,Anglophone,Simonds High School,1490 Hickey Road,NULL,Saint John,Saint John,E2J 4E7,9-12,"English, French Immersion","Anglais, Immersion française",http://sh.nbed.nb.ca,"1970",2539810.16415736,7366504.55494579
"2004",ASD-S,Anglophone,Bayview School,184 Loch Lomond Road,NULL,Saint John,Saint John,E2J 1Y1,"Kindergarten, 1-5",English,Anglais,http://bayview.nbed.nb.ca/,"1958",2536714.90079448,7365520.73990488
"2013",ASD-S,Anglophone,Forest Hills School,15 Glengarry Drive,NULL,Saint John,Saint John,E2J 2X9,"Kindergarten, 1-8","English, French Immersion","Anglais, Immersion française",http://foresthillsschool.nbed.nb.ca,"1961",2538696.29177232,7368396.87149156
"2041",ASD-S,Anglophone,Princess Elizabeth School,20 Sixth Street,NULL,Saint John,Saint John,E2K 3M1,"Kindergarten, 1-8","English, French Immersion","Anglais, Immersion française",http://princess-elizabeth.nbed.nb.ca,"1949",2533833.3341998,7364844.28576025
"2043",ASD-S,Anglophone,Saint John High School,170-200 Prince William Street,NULL,Saint John,Saint John,E2L 2B7,9-12,"English, French Immersion","Anglais, Immersion française",http://sjhigh.nbed.nb.ca,"1986",2534466.32428038,7363310.43372682
"2067",ASD-S,Anglophone,St. John the Baptist/King Edward School,223 St. James Street,NULL,Saint John,Saint John,E2L 1W3,"Kindergarten, 1-8",English,Anglais,http://sjbke.nbed.nb.ca,"1948",2535228.14047309,7363277.76479879
"2051",ASD-S,Anglophone,St. Malachy's Memorial High School,2-20 Leinster Street,NULL,Saint John,Saint John,E2L 1H8,9-12,"English, French Immersion","Anglais, Immersion française",http://stm.nbed.nb.ca,"1954",2534863.08562475,7363716.46060719
"2039",ASD-S,Anglophone,Prince Charles School,317-319 Union Street,NULL,Saint John,Saint John,E2L 1B3,"Kindergarten, 1-8",English,Anglais,http://princecharles.nbed.nb.ca,"1954",2535093.03864897,7364115.12236756
"2060",ASD-S,Anglophone,Harbour View High School,305 Douglas Avenue,NULL,Saint John,Saint John,E2K 1E5,9-12,"English, French Immersion","Anglais, Immersion française",http://hvhs.nbed.nb.ca,"1986",2532644.07467869,7362919.93196645
"2635",ASD-W,Anglophone,Fredericton High School,300 Priestman Street,NULL,Fredericton,York,E3B 6J8,9-12,"English, French Immersion","Anglais, Immersion française",http://frederictonhigh.nbed.nb.ca,"1969",2487372.70836453,7437979.72109236
"2604",ASD-W,Anglophone,Connaught Street School,184 Connaught Street,NULL,Fredericton,York,E3B 2A9,"Kindergarten, 1-5","English, French Immersion","Anglais, Immersion française",http://connaughtstreet.nbed.nb.ca,"1957",2487856.48756498,7439497.50157377
"2619",ASD-W,Anglophone,George Street Middle School,575 George Street,NULL,Fredericton,York,E3B 1K2,6-8,"English, French Immersion","Anglais, Immersion française",http://georgest.nbed.nb.ca,"1924",2489033.38062207,7439847.3159741
"2624",ASD-W,Anglophone,Priestman Street Elementary School,363 Priestman Street,NULL,Fredericton,York,E3B 3B5,"Kindergarten, 1-5","English, French Immersion","Anglais, Immersion française",http://priestmanstreet.nbed.nb.ca,"1969",2487505.45946865,7438174.94630854
"2608",ASD-W,Anglophone,Forest Hill Elementary School,548 Forest Hill Road,NULL,Fredericton,York,E3B 4K6,"Kindergarten, 1","English, French Immersion","Anglais, Immersion française",http://fhes.nbed.nb.ca,"1955",2489694.42331069,7437337.25414776
"2634",ASD-W,Anglophone,Liverpool Street Elementary School,50 Liverpool Street,NULL,Fredericton,York,E3B 4V4,2-5,"English, French Immersion","Anglais, Immersion française",http://liverpoolelem.nbed.nb.ca,"1968",2489037.96596608,7436889.28166734
"2633",ASD-W,Anglophone,Montgomery Street Elementary School,692 Montgomery Street,NULL,Fredericton,York,E3B 2X8,"Kindergarten, 1-5","English, French Immersion","Anglais, Immersion française",http://montgomerystreet.nbed.nb.ca,"1963",2488314.0523654,7438173.78611654
"5137",DSF-S,Francophone,École Sainte-Anne,"715, rue Priestman",NULL,Fredericton,York,E3B 5W7,6-12,French,Français,http://esa.nbed.nb.ca,"1978",2488141.95482924,7437985.38086836
"5138",DSF-S,Francophone,École des Bâtisseurs,"715, rue Priestman",NULL,Fredericton,York,E3B 5W7,"Maternelle, 1-5",French,Français,http://batisseurs.nbed.nb.ca,"2007",2488225.61844532,7437978.02240436
"2641",ASD-W,Anglophone,Bliss Carman Middle School,615 Kimble Drive,NULL,Fredericton,York,E3B 0N4,6-8,"English, French Immersion","Anglais, Immersion française",http://blisscarman.nbed.nb.ca/,"2009",2489626.50843063,7436708.34675517
"3326",DSF-NO,Francophone,École communautaire Ernest-Lang,"13, rue Bellevue",NULL,Saint-François-de-Madawaska,Madawaska,E7A 1A4,"Maternelle, 1-8",French,Français,http://eel.nbed.nb.ca,"1976",2333055.89785281,7584803.4908291
"3327",DSF-NO,Francophone,Centre d'apprentissage du Haut-Madawaska,"323, boulevard Long",NULL,Clair,Madawaska,E7A 2C5,"Maternelle, 1-8",French,Français,http://cahm.nbed.nb.ca,"1997",2340588.96525182,7586253.20910245
"3314",DSF-NO,Francophone,École Saint-Jacques,"10, rue de l'École",NULL,Saint-Jacques,Madawaska,E7B 1E7,"Maternelle, 1-8",French,Français,http://ecole-st-jacques.nbed.nb.ca,"1986",2357576.26741165,7605006.92073591
"3316",DSF-NO,Francophone,École communautaire Saint-Joseph,"562, chemin Toussaint",NULL,Saint-Joseph-de-Madawaska,Madawaska,E7B 2T8,"Maternelle, 1-8",French,Français,http://esj.nbed.nb.ca,"1969",2363047.38831274,7607765.09814648
"5401",ASD-W,Anglophone,Saint Mary's Academy,52 Marmen Avenue,NULL,Edmundston,Madawaska,E3V 2H2,"Kindergarten, 1-12",English,Anglais,http://sma.nbed.nb.ca,"1990",2360743.6866786,7597926.57256932
"3329",DSF-NO,Francophone,Carrefour de la Jeunesse,"54, 21e avenue",NULL,Edmundston,Madawaska,E3V 2B9,"Maternelle, 1-8",French,Français,http://cdlj.nbed.nb.ca,"2005",2361139.68143096,7597738.72501715
"2908",ASD-W,Anglophone,Woodstock High School,144 Connell Park Road,NULL,Woodstock,Carleton,E7M 1M4,9-12,"English, French Immersion","Anglais, Immersion française",http://whs.nbed.nb.ca,"1975",2415748.36628182,7462951.61769161
"2909",ASD-W,Anglophone,Hartland Community School,217 Rockland Road,NULL,Hartland,Carleton,E7P 0A2,"Kindergarten, 1-12",English,Anglais,http://hhs.nbed.nb.ca,"2007",2421902.45294355,7479068.27421863
"2301",ASD-S,Anglophone,Campobello Island Consolidated School,1722 Route 774,NULL,Wilsons Beach,Charlotte,E5E 1K7,"Kindergarten, 1-12",English,Anglais,http://cics.nbed.nb.ca,"1966",2467069.14943362,7323351.2446976
"2339",ASD-S,Anglophone,Milltown Elementary School,434 Milltown Blvd.,NULL,St. Stephen,Charlotte,E3L 1J8,"Kindergarten, 1-5",English,Anglais,http://mes.nbed.nb.ca,"1992",2437506.05334209,7352986.6205972
"2337",ASD-S,Anglophone,St. Stephen Middle School,11 School Street,NULL,St. Stephen,Charlotte,E3L 2N4,6-8,"English, French Immersion","Anglais, Immersion française",http://ssms.nbed.nb.ca,"1987",2438744.98902324,7355288.75423134
"2336",ASD-S,Anglophone,St. Stephen Elementary School,King's Court,NULL,St. Stephen,Charlotte,E3L 3B2,"Kindergarten, 1-5","English, French Immersion","Anglais, Immersion française",http://sses.nbed.nb.ca,"1969",2439437.16335988,7355868.96671189
"2338",ASD-S,Anglophone,St. Stephen High School,282 King Street,NULL,St. Stephen,Charlotte,E3L 4X7,9-12,"English, French Immersion","Anglais, Immersion française",http://sshs.nbed.nb.ca,"1979",2439238.9282237,7356618.37279258
"2311",ASD-S,Anglophone,Vincent Massey Elementary School,166 Frederick Street,NULL,St. Andrews,Charlotte,E5B 1Z7,"Kindergarten, 1-5",English,Anglais,http://vmes.nbed.nb.ca,"1955",2456806.08177606,7342024.99498699
"2310",ASD-S,Anglophone,Sir James Dunn Academy,180 King Street,NULL,St. Andrews,Charlotte,E5B 1Y7,6-12,English,Anglais,http://sjda.nbed.nb.ca,"1966",2456698.64689596,7342123.86615508
"2302",ASD-S,Anglophone,Lawrence Station Elementary School,6227 Route 3,NULL,Lawrence Station,Charlotte,E5A 3C3,"Kindergarten, 1-5",English,Anglais,http://lses.nbed.nb.ca,"1946",2447364.22167126,7381151.52583943
"2704",ASD-W,Anglophone,McAdam High School,29 Lake Road,NULL,McAdam,York,E6J 1N7,6-12,English,Anglais,http://mhs.nbed.nb.ca,"1924",2435231.61916397,7399711.54147272
"2703",ASD-W,Anglophone,McAdam Elementary School,29 Rose Street,NULL,McAdam,York,E6J 1Z1,"Kindergarten, 1-5",English,Anglais,http://mcadames.nbed.nb.ca,"1945",2435809.2887965,7399916.01852891
"0513",DSF-NE,Francophone,École L'Escale-des-Jeunes,"2930, rue Morais",NULL,Bas-Caraquet,Gloucester,E1W 6A8,"Maternelle, 1-8",French,Français,http://escaledesjeunes.nbed.nb.ca,"1986",2625023.47828472,7645641.38822976
"0539",DSF-NE,Francophone,Polyvalente Louis-Mailloux,"30, rue Cormier",C. P. 5751,Caraquet,Gloucester,E1W 1B7,9-12,French,Français,http://plm.nbed.nb.ca,"1970",2615418.51507578,7644277.32973249
"0540",DSF-NE,Francophone,École Marguerite-Bourgeoys,"238, rue Marguerite-Bourgeoys",C. P. 5680,Caraquet,Gloucester,E1W 1B7,"Maternelle, 1-8",French,Français,http://margueritebourgeoys.blogspot.ca,"1981",2614995.48915539,7644225.67674044
"0504",DSF-NE,Francophone,École Ola-Léger,"642, boulevard des Acadiens",NULL,Bertrand,Gloucester,E1W 1G8,"Maternelle, 1-8",French,Français,http://olaleger.nbed.nb.ca,"1994",2606648.65893961,7639565.2512641
"0503",DSF-NE,Francophone,École Léandre-LeGresley,"261, rue Acadie",C.P. 1003,Grande-Anse,Gloucester,E8N 2T9,"Maternelle, 1-8",French,Français,http://leandrelegresley.nbed.nb.ca,"1957",2598378.41265991,7646593.43597465
"0541",DSF-NE,Francophone,École Terre des Jeunes,"1191, rue des Fondateurs",NULL,Paquetville,Gloucester,E8R 1A9,"Maternelle, 1-8",French,Français,http://terredesjeunes.nbed.nb.ca,"1982",2604532.39794564,7631066.92344819
"2638",ASD-W,Anglophone,Royal Road Elementary School,340 Royal Road,NULL,Fredericton,York,E3A 6J9,"Kindergarten, 1-5","English, French Immersion","Anglais, Immersion française",http://RoyalRoad.nbed.nb.ca,"1982",2486783.94074798,7444034.382346
"2620",ASD-W,Anglophone,Nashwaak Valley School,747 Route 628 Hwy,NULL,Durham Bridge,York,E6C 1N6,"Kindergarten, 1-5",English,Anglais,http://nashwaakvalley.nbed.nb.ca/,"1955",2491904.74152075,7459170.00079209
"0906",ASD-W,Anglophone,Stanley Consolidated School,28 Bridge Street,NULL,Stanley,York,E6B 1B2,"Kindergarten, 1-12",English,Anglais,http://stanleyhigh.nbed.nb.ca,"1992",2481584.49101514,7475762.41219955
"1702",ASD-E,Anglophone,Caledonia Regional High School,35 School Lane,NULL,Hillsborough,Albert,E4H 3B8,6-12,"English, French Immersion","Anglais, Immersion française",http://caledonia.nbed.nb.ca,"1972",2643204.08399766,7438162.44595653
"1703",ASD-E,Anglophone,Hillsborough Elementary School,31 School Lane,NULL,Hillsborough,Albert,E4H 3B8,"Kindergarten, 1-5",English,Anglais,http://hillsboroughelementary.nbed.nb.ca,"1963",2643265.65967771,7438166.57638853
"1704",ASD-E,Anglophone,Riverside Consolidated School,90 Water Street,NULL,Riverside-Albert,Albert,E4H 3Z7,"Kindergarten, 1-5",English,Anglais,http://rcs.nbed.nb.ca,"1905",2637620.70658446,7417983.04843374
"1610",ASD-E,Anglophone,J.M.A. Armstrong/Salisbury Middle School,55 Douglas Street,NULL,Salisbury,Westmorland,E4J 2B4,5-12,"English, French Immersion","Anglais, Immersion française",http://jmasms.nbed.nb.ca,"1962",2612952.96934548,7448196.37108587
"1607",ASD-E,Anglophone,Salisbury Elementary School,2646 River Road,NULL,Salisbury,Westmorland,E4J 2R2,"Kindergarten, 1-4","English, French Immersion","Anglais, Immersion française",http://salisburyelem.nbed.nb.ca,"1947",2613158.68812967,7448215.79342189
"1528",ASD-E,Anglophone,Magnetic Hill School,3346 Route 126,NULL,Lutes Mountain,Westmorland,E1G 2X4,"Kindergarten, 1-8","English, French Immersion","Anglais, Immersion française",http://maghill.nbed.nb.ca,"1988",2622574.06247444,7460737.27260155
"1505",ASD-E,Anglophone,Birchmount School,256 Ayer Avenue,NULL,Moncton,Westmorland,E1C 8G8,"Kindergarten, 1-8","English, French Immersion","Anglais, Immersion française",http://birchmount.nbed.nb.ca,"1965",2629097.36897652,7457249.0014943
"1503",ASD-E,Anglophone,Beaverbrook School,1085 Mountain Road,NULL,Moncton,Westmorland,E1C 2S9,"Kindergarten, 1-8",English,Anglais,http://beaverbrook.nbed.nb.ca,"1949",2629830.3664812,7457529.00405456
"1577",ASD-E,Anglophone,Northrop Frye School,1392 Ryan Street,NULL,Moncton,Westmorland,E1G 2V3,"Kindergarten, 1-8","English, French Immersion","Anglais, Immersion française",http://northropfrye.nbed.nb.ca/,"2010",2624697.61844442,7459427.30959233
"1362",DSF-S,Francophone,École Le Sommet,"701, rue Ryan",NULL,Moncton,Westmorland,E1G 5R2,"Maternelle, 1-8",French,Français,http://lesommet.nbed.nb.ca,"2013",2626396.808846,7457502.31720654
"2020",ASD-S,Anglophone,Hazen-White-St. Francis School,538 Sandy Point Road,NULL,Saint John,Saint John,E2K 3S2,"Kindergarten, 1-8",English,Anglais,http://hwsf.nbed.nb.ca,"1961",2533488.69317548,7366023.54707334
"2065",ASD-S,Anglophone,Millidgeville North School,500 Woodward Avenue,NULL,Saint John,Saint John,E2K 4G7,3-8,"English, French Immersion","Anglais, Immersion française",http://millidgeville.nbed.nb.ca,"1967",2530337.28888454,7366370.39084967
"2007",ASD-S,Anglophone,Centennial School,10 Constance Street,NULL,Saint John,Saint John,E2K 2P8,"Kindergarten, 1-5",English,Anglais,http://centennial.nbed.nb.ca/,"1966",2532681.81535072,7364685.2680321
"2059",ASD-S,Anglophone,M. Gerald Teed Memorial School,151 Black Street,NULL,Saint John,Saint John,E2K 2L6,"Kindergarten, 1-2","English, French Immersion","Anglais, Immersion française",http://mgeraldteed.nbed.nb.ca,"1963",2531193.58328534,7366385.52697768
"5201",DSF-S,Francophone,Centre scolaire Samuel-de-Champlain,"67, chemin Ragged Point",NULL,Saint John,Saint John,E2K 5C3,"Maternelle, 1-12",French,Français,http://samuel-de-champlain.nbed.nb.ca,"1984",2530137.85592436,7366069.10675339
"2609",ASD-W,Anglophone,Garden Creek School,1360 Woodstock Road,NULL,Fredericton,York,E3B 9G7,"Kindergarten, 1-5","English, French Immersion","Anglais, Immersion française",http://gardencreek.nbed.nb.ca,"1965",2484223.22599359,7440538.70003874
"2614",ASD-W,Anglophone,Kingsclear Consolidated School,3188 Woodstock Road,NULL,Fredericton,York,E3C 1K9,"Kindergarten, 1-5",English,Anglais,http://kingsclear.nbed.nb.ca,"1950",2479059.57914079,7440580.94234278
"0762",DSF-NE,Francophone,École La Villa des Amis,"6830, Route 11",NULL,Tracadie Beach,Gloucester,E1X 4P4,"Maternelle, 1-8",French,Français,http://villa.nbed.nb.ca,"1974",2619451.63443954,7606188.21059301
"0714",DSF-NE,Francophone,École La Passerelle,"5067, Route 160",NULL,Pont-Landry,Gloucester,E1X 2V5,"Maternelle, 1-8",French,Français,http://lapasserelle.nbed.nb.ca,"1952",2615605.27667595,7620609.77092645
"0760",DSF-NE,Francophone,Polyvalente W.-Arthur-Losier,"585, rue de l'Église","C. P. 3680, Succ. Bureau Chef",Tracadie-Sheila,Gloucester,E1X 1G5,9-12,French,Français,http://wal.nbed.nb.ca,"1969",2618950.71949507,7613820.41642412
"0719",DSF-NE,Francophone,École La Ruche,"635, rue de l'Église",NULL,Tracadie-Sheila,Gloucester,E1X 1B1,"Maternelle, 1-5",French,Français,http://laruche.nbed.nb.ca,"1977",2618751.04858288,7613763.86628007
"0720",DSF-NE,Francophone,École Le Tremplin,"520, rue de l'Église",NULL,Tracadie-Sheila,Gloucester,E1X 1B1,6-8,French,Français,http://tremplin.nbed.nb.ca,"1992",2619348.91879144,7613787.98416809
"0725",DSF-NE,Francophone,École La Source,"906, rue Louis-G.-Daigle","C. P. 4059, Succ.B",Tracadie-Sheila,Gloucester,E1X 1G4,"Maternelle, 1-8",French,Français,http://lasource.nbed.nb.ca,"1970",2618835.94227896,7610042.58230861
"3001",ASD-W,Anglophone,Bath Community School,118 School Street,NULL,Bath,Carleton,E7J 1C4,"Kindergarten, 1-8",English,Anglais,http://bathmiddleschool.nbed.nb.ca/,"1954",2416521.78977054,7501284.33337532
"3004",ASD-W,Anglophone,Bristol Elementary School,9208 Main Street,P.O. Box 826,Florenceville-Bristol,Carleton,E7L 2A9,"Kindergarten, 1-5",English,Anglais,http://bres.nbed.nb.ca,"1966",2417321.61965929,7497628.53241191
"3018",ASD-W,Anglophone,Carleton North High School,30 School Street,NULL,Florenceville-Bristol,Carleton,E7L 2G2,9-12,"English, French Immersion","Anglais, Immersion française",http://cnhs.nbed.nb.ca,"1977",2417094.88097107,7496910.35397924
"3009",ASD-W,Anglophone,Florenceville Elementary School,P.O. Box 431,8470 Main Street,Florenceville-Bristol,Carleton,E7L 4J8,"Kindergarten, 1-5","English, French Immersion","Anglais, Immersion française",http://fes.nbed.nb.ca,"1966",2414569.61812072,7491567.31397427
"3008",ASD-W,Anglophone,Florenceville Middle School,8794 Main Street,NULL,Florenceville-Bristol,Carleton,E7L 3G2,6-8,"English, French Immersion","Anglais, Immersion française",http://fms.nbed.nb.ca,"1955",2414257.78656843,7494685.60031317
"3005",ASD-W,Anglophone,Centreville Community School,751 Central Street,NULL,Centreville,Carleton,E7K 2M6,"Kindergarten, 1-8",English,Anglais,http://ccs.nbed.nb.ca,"2004",2407244.1746579,7493066.74514366
"3107",ASD-W,Anglophone,Andover Elementary School,9 School Street,NULL,Perth-Andover,Victoria,E7H 4T4,"Kindergarten, 1-5","English, French Immersion","Anglais, Immersion française",http://aes.nbed.nb.ca,"1956",2408388.19091497,7528466.50376863
"3122",ASD-W,Anglophone,Donald Fraser Memorial School,231 Main Street,NULL,Plaster Rock,Victoria,E7G 2G6,"Kindergarten, 1-5",English,Anglais,http://dfms.nbed.nb.ca,"1992",2431692.30511267,7545591.59447258
"3105",ASD-W,Anglophone,Perth-Andover Middle School,20 Nissen Street,NULL,Perth-Andover,Victoria,E7H 3G1,6-8,"English, French Immersion","Anglais, Immersion française",http://pams.nbed.nb.ca,"2004",2408067.41881867,7528929.59189706
"3106",ASD-W,Anglophone,Southern Victoria High School,13 School Street,NULL,Perth-Andover,Victoria,E7H 4T4,9-12,"English, French Immersion","Anglais, Immersion française",http://svhs.nbed.nb.ca,"1953",2408408.53549099,7528273.34972045
"3111",ASD-W,Anglophone,Tobique Valley High School,290 Main Street,NULL,Plaster Rock,Victoria,E7G 2C6,6-12,English,Anglais,http://tvhs.nbed.nb.ca,"1947",2432071.61186503,7546375.09744931
"2513",ASD-W,Anglophone,Oromocto High School,25 MacKenzie Avenue,NULL,Oromocto,Sunbury,E2V 1K4,9-12,"English, French Immersion","Anglais, Immersion française",http://ohs.nbed.nb.ca,"1965",2501597.90389777,7427297.04217041
"2512",ASD-W,Anglophone,Ridgeview Middle School,102 Waasis Road,NULL,Oromocto,Sunbury,E2V 1G6,6-8,"English, French Immersion","Anglais, Immersion française",http://ridgeview.nbed.nb.ca,"1958",2502092.25205823,7427503.1861706
"5107",DSF-S,Francophone,École Arc-en-ciel,"95, promenade Drummond",NULL,Oromocto,Sunbury,E2V 2A6,"Maternelle, 1-8",French,Français,http://arc-en-ciel.nbed.nb.ca,"1957",2500959.09276118,7426875.71929002
"2510",ASD-W,Anglophone,Summerhill Street Elementary School,20 Summerhill Street,NULL,Oromocto,Sunbury,E2V 1V1,3-5,"English, French Immersion","Anglais, Immersion française",http://summerhill.nbed.nb.ca,"1959",2500695.47176893,7427431.62175453
"2508",ASD-W,Anglophone,Gesner Street Elementary School,10 Gesner Street,NULL,Oromocto,Sunbury,E2V 1S8,"Kindergarten, 1-2","English, French Immersion","Anglais, Immersion française",http://ge.nbed.nb.ca,"1959",2501230.13557743,7427069.1523782
"2511",ASD-W,Anglophone,Harold Peterson Middle School,90 St. Lawrence Avenue,NULL,Oromocto,Sunbury,E2V 1T2,6-8,"English, French Immersion","Anglais, Immersion française",http://haroldpeterson.nbed.nb.ca,"1958",2501407.8396416,7426837.73183398
"2506",ASD-W,Anglophone,Assiniboine Avenue Elementary School,55 Assiniboine Avenue,NULL,Oromocto,Sunbury,E2V 1Y2,"Kindergarten, 1-2","English, French Immersion","Anglais, Immersion française",http://assiniboine.nbed.nb.ca,"1957",2501720.07567389,7426412.01304958
"2509",ASD-W,Anglophone,Hubbard Avenue Elementary School,50 Hubbard Avenue,NULL,Oromocto,Sunbury,E2V 1N9,3-5,"English, French Immersion","Anglais, Immersion française",http://hubbard.nbed.nb.ca,"1957",2501982.71439413,7426926.99417007
"2504",ASD-W,Anglophone,Lincoln Elementary Community School,"2475 Lincoln Road, Route 102 Hwy",NULL,Lincoln,Sunbury,E3B 7E6,"Kindergarten, 1-5",English,Anglais,http://lincoln.nbed.nb.ca,"2013",2497047.37154154,7431136.15026999
"4109",DSF-NE,Francophone,Académie Assomption,"1255, promenade Rough Waters",NULL,Bathurst,Gloucester,E2A 1Z2,"Maternelle, 1-5",French,Français,http://academieassomption.wordpress.com,"1944",2565152.00366896,7623776.00542539
"4143",DSF-NE,Francophone,François-Xavier-Daigle,"4572, Route 134",NULL,Allardville,Gloucester,E8L 1E4,"Maternelle, 1-8",French,Français,http://francoisxavierdaigle.nbed.nb.ca,"1964",2575809.55439889,7608950.85840359
"4259",ASD-N,Anglophone,Janeville Elementary School,107 Route 340,NULL,Janeville,Gloucester,E2A 5C5,"Kindergarten, 1-5",English,Anglais,http://je.nbed.nb.ca,"1981",2579529.79555435,7632832.70162583
"0702",DSF-NE,Francophone,École La Relève-de-Saint-Isidore,"3953, boulevard des Fondateurs",NULL,Saint-Isidore,Gloucester,E8M 1C1,"Maternelle, 1-8",French,Français,http://lareleve.nbed.nb.ca,"1994",2609001.6711658,7618229.29079623
"4201",ASD-N,Anglophone,Bathurst High School,640 King Avenue,NULL,Bathurst,Gloucester,E2A 1R1,9-12,"English, French Immersion","Anglais, Immersion française",http://bathursthigh.nbed.nb.ca,"1925",2563703.83803562,7624279.64728186
"4261",ASD-N,Anglophone,Terry Fox Elementary School,155 Basin Street,NULL,Bathurst,Gloucester,E2A 6N1,"Kindergarten, 1-5","English, French Immersion","Anglais, Immersion française",http://nbes.nbed.nb.ca,"2006",2563189.31477114,7622992.13099267
"2705",ASD-W,Anglophone,Harvey High School,2055 Route 3,P.O. Box 258,Harvey Station,York,E6K 3W9,6-12,"English, French Immersion","Anglais, Immersion française",http://harveyhighschool.nbed.nb.ca,"1980",2460441.18629145,7413445.26513351
"2701",ASD-W,Anglophone,Harvey Elementary School,1908 Route 3,NULL,Harvey Station,York,E6K 2P4,"Kindergarten, 1-5","English, French Immersion","Anglais, Immersion française",http://hes.nbed.nb.ca,"1966",2460904.08344388,7414807.89899078
"2611",ASD-W,Anglophone,Keswick Ridge School,166 McKeen Drive,NULL,Keswick Ridge,York,E6L 1N9,"Kindergarten, 1-8","English, French Immersion","Anglais, Immersion française",http://keswickridge.nbed.nb.ca,"1952",2472235.82399843,7440796.73690298
"2807",ASD-W,Anglophone,Keswick Valley Memorial School,"20, Route 617",NULL,Burtts Corner,York,E6L 2X3,"Kindergarten, 1-8",English,Anglais,http://kvms.nbed.nb.ca,"1951",2470695.70662099,7451253.42555272
"2802",ASD-W,Anglophone,Nackawic Elementary School,110 McNair Drive,NULL,Nackawic,York,E6G 1A8,"Kindergarten, 1-5","English, French Immersion","Anglais, Immersion française",http://nes.nbed.nb.ca,"1967",2442631.68035486,7444111.45562607
"2811",ASD-W,Anglophone,Nackawic Middle School,50 Landegger Drive,NULL,Nackawic,York,E6G 1E9,6-8,"English, French Immersion","Anglais, Immersion française",http://nackawicmiddle.nbed.nb.ca,"1971",2442619.42729885,7443877.86279385
"2801",ASD-W,Anglophone,Nackawic Senior High School,30 Landegger Drive,NULL,Nackawic,York,E6G 1E9,9-12,"English, French Immersion","Anglais, Immersion française",http://nhs.nbed.nb.ca,"1967",2442827.47606704,7443932.1824099
"2803",ASD-W,Anglophone,Canterbury High School,80 Main Street,NULL,Canterbury,York,E6H 1L3,"Kindergarten, 1-12",English,Anglais,http://chs.nbed.nb.ca,"1952",2425350.79534676,7433214.00614392
"3924",DSF-S,Francophone,Étoile de l'Acadie,"50, rue de l'École",NULL,Rogersville,Northumberland,E4Y 1V7,"Maternelle, 1-12",French,Français,http://assomption.nbed.nb.ca,"1987",2582330.36054896,7526373.37032668
"3955",DSF-S,Francophone,École Soleil Levant,"45, rue Morgan",NULL,Richibucto,Kent,E4W 4E8,"Maternelle, 1-8",French,Français,http://soleil-levant.nbed.nb.ca,"1991",2625035.16686073,7522961.8719555
"3954",DSF-S,Francophone,École Mgr-Marcel-François-Richard,"49, rue du Collège, Unité 1",NULL,Saint-Louis-de-Kent,Kent,E4X 1C2,"Maternelle, 1-12",French,Français,http://mfr.nbed.nb.ca,"1977",2616701.89709298,7527865.28354407
"4017",ASD-N,Anglophone,Rexton Elementary School,19 School Street,NULL,Rexton,Kent,E4W 2E4,"Kindergarten, 1-5","English, French Immersion","Anglais, Immersion française",http://rextonelementary.nbed.nb.ca,"1989",2624838.59790055,7516917.98689387
"4055",ASD-N,Anglophone,Bonar Law Memorial School,197 Main Street,NULL,Rexton,Kent,E4W 2A9,9-12,"English, French Immersion","Anglais, Immersion française",http://bonarlaw.nbed.nb.ca,"1978",2625664.45966132,7517026.56327797
"1215",DSF-S,Francophone,École Calixte-F.-Savoie,"20, Route 505",NULL,Sainte-Anne-de-Kent,Kent,E4S 1K3,"Maternelle, 1-8",French,Français,http://calixte-f-savoie.nbed.nb.ca,"1957",2632425.79893162,7507232.76563685
"4056",ASD-N,Anglophone,Eleanor W. Graham Middle School,9 California Road,NULL,Rexton,Kent,E4W 1W7,6-8,"English, French Immersion","Anglais, Immersion française",http://EWGMS.nbed.nb.ca,"2010",2625221.97991691,7516621.1694856
"2003",ASD-S,Anglophone,Barnhill Memorial School,750 Manawagonish Road,NULL,Saint John,Saint John,E2M 3W5,6-8,"English, French Immersion","Anglais, Immersion française",http://barnhill.nbed.nb.ca,"1952",2531107.50546126,7361654.34566128
"2005",ASD-S,Anglophone,Beaconsfield Middle School,630 Fundy Drive,NULL,Saint John,Saint John,E2M 2S5,6-8,"English, French Immersion","Anglais, Immersion française",http://bms.nbed.nb.ca,"1957",2533131.86719114,7361252.4410209
"2057",ASD-S,Anglophone,Saint Rose School,700 Manawagonish Road,NULL,Saint John,Saint John,E2M 3W5,"Kindergarten, 1-5",English,Anglais,http://saintrose.nbed.nb.ca,"1960",2531174.37842132,7361768.78572538
"2070",ASD-S,Anglophone,Island View School,496 Ridge Row,NULL,Saint John,Saint John,E2M 4A1,"Kindergarten, 1-5",English,Anglais,http://islandview.nbed.nb.ca,"1972",2529139.88229143,7359646.8515154
"2104",ASD-S,Anglophone,Deer Island Community School,NULL,711 Route 772,Fairhaven,Charlotte,E5V 1T1,"Kindergarten, 1-8",English,Anglais,http://dics.nbed.nb.ca,"1986",2461746.69054866,7331087.04835281
"2206",ASD-S,Anglophone,White Head Elementary School,278 White Head Road,NULL,White Head Island,Charlotte,E5G 1K6,"Kindergarten, 1-4",English,Anglais,NULL,"1971",2483272.53696871,7292901.43372525
"2201",ASD-S,Anglophone,Grand Manan Community School,1144 Route 776,NULL,Grand Manan,Charlotte,E5G 4E8,"Kindergarten, 1-12",English,Anglais,http://gmcs.nbed.nb.ca,"1965",2478928.37466066,7298609.66643456
"2101",ASD-S,Anglophone,Back Bay Elementary School,980 Route 172,NULL,Back Bay,Charlotte,E5C 1Y1,"Kindergarten, 1-5",English,Anglais,http://bbes.nbed.nb.ca,"1948",2470659.56172496,7339616.36394475
"2111",ASD-S,Anglophone,Fundy Middle and High School,44 Mount Pleasant Road,NULL,St. George,Charlotte,E5C 3K4,6-12,"English, French Immersion","Anglais, Immersion française",http://fundyhs.nbed.nb.ca,"1977",2475624.81689759,7347247.51339186
"2110",ASD-S,Anglophone,St. George Elementary School,118 Brunswick Street,NULL,St. George,Charlotte,E5C 1A9,"Kindergarten, 1-5","English, French Immersion","Anglais, Immersion française",http://sges.nbed.nb.ca,"1949",2473730.29055982,7347661.36657624
"2103",ASD-S,Anglophone,Blacks Harbour School,800 Main Street,NULL,Blacks Harbour,Charlotte,E5H 1E6,"Kindergarten, 1-5",English,Anglais,http://bhs.nbed.nb.ca,"1953",2477478.05440331,7339684.00861681
"2074",ASD-S,Anglophone,Fundy Shores School,1095 Route 790,NULL,Dipper Harbour,Saint John,E5J 1W4,"Kindergarten, 1-5",English,Anglais,http://fundyshores.nbed.nb.ca,"1988",2503700.59164373,7343969.8248128
"2023",ASD-S,Anglophone,Morna Heights School,80 Chalmer Drive,NULL,Saint John,Saint John,E2M 6M9,"Kindergarten, 1-5",English,Anglais,http://mornaheights.nbed.nb.ca,"1963",2526021.90648052,7365592.97056094
"2052",ASD-S,Anglophone,St. Martins School,69 Main Street,NULL,St. Martins,Saint John,E5R 1B4,"Kindergarten, 1-5",English,Anglais,http://stmartins.nbed.nb.ca,"1973",2574294.24406148,7372710.31943157
"1801",ASD-S,Anglophone,Apohaqui Elementary School,23 Foster Avenue West,NULL,Apohaqui,Kings,E5P 3M9,"Kindergarten, 1-5",English,Anglais,http://apohaqui.nbed.nb.ca,"1964",2569892.96904938,7411374.75364358
"1817",ASD-S,Anglophone,Sussex Elementary School,25 Duke Street,NULL,Sussex,Kings,E4E 1P8,"Kindergarten, 1-5","English, French Immersion","Anglais, Immersion française",http://sussexelementary.nbed.nb.ca,"1962",2576527.18742356,7414356.22705436
"1818",ASD-S,Anglophone,Sussex Regional High School,55 Leonard Drive,NULL,Sussex,Kings,E4E 2P8,9-12,"English, French Immersion","Anglais, Immersion française",http://sussexhigh.nbed.nb.ca/,"1979",2578425.38659333,7414405.5517264
"1820",ASD-S,Anglophone,Sussex Middle School,49 Bryant Drive,NULL,Sussex,Kings,E4E 2P2,6-8,"English, French Immersion","Anglais, Immersion française",http://sussexmiddle.nbed.nb.ca,"1991",2578893.77430576,7414287.00759829
"1819",ASD-S,Anglophone,Sussex Corner Elementary School,12 Dutch Valley Road,NULL,Sussex Corner,Kings,E4E 2Y1,"Kindergarten, 1-5","English, French Immersion","Anglais, Immersion française",http://sussexcorner.nbed.nb.ca,"1980",2579668.40509048,7412217.47710036
"2639",ASD-W,Anglophone,New Maryland Elementary School,75 Clover Street,NULL,New Maryland,York,E3C 1C5,"Kindergarten, 1-5","English, French Immersion","Anglais, Immersion française",http://nmes.nbed.nb.ca,"1994",2485042.50625036,7432951.45599968
"2505",ASD-W,Anglophone,Sunbury West School,5 Pride's Landing Road,NULL,Fredericton Junction,Sunbury,E5L 1Y1,"Kindergarten, 1-8","English, French Immersion","Anglais, Immersion française",http://sunburywest.nbed.nb.ca,"1991",2491742.2032806,7406483.83831102
"2503",ASD-W,Anglophone,Geary Elementary Community School,16 Lauvina Bye Road,NULL,Geary,Sunbury,E2V 3Y1,"Kindergarten, 1-5",English,Anglais,http://geary.nbed.nb.ca,"1955",2501989.34978614,7418689.64965039
"3823",ASD-N,Anglophone,Sugarloaf Senior High School,201 Dover Street,NULL,Campbellton,Restigouche,E3N 1R3,9-12,"English, French Immersion","Anglais, Immersion française",http://sugarloaf.nbed.nb.ca,"1976",2486871.86599606,7666625.7387133
"3803",ASD-N,Anglophone,Lord Beaverbrook School,113 Arran Street,NULL,Campbellton,Restigouche,E3N 1M1,"Kindergarten, 1-4","English, French Immersion","Anglais, Immersion française",NULL,"1959",2486565.99220378,7666817.63042548
"3806",ASD-N,Anglophone,Campbellton Middle School,80 Arran Street,NULL,Campbellton,Restigouche,E3N 1L7,5-8,"English, French Immersion","Anglais, Immersion française",http://cms.nbed.nb.ca,"1925",2487141.20065231,7666901.18524156
"3722",DSF-NE,Francophone,Polyvalente Roland-Pépin,"45A, rue du Village",C.P. 220,Campbellton,Restigouche,E3N 3G4,9-12,French,Français,http://rolandpepin.wordpress.com,"1968",2487836.30516496,7666470.40636116
"3511",DSF-NE,Francophone,Académie Notre-Dame,"357, rue Grey",NULL,Dalhousie,Restigouche,E8C 1W6,"Maternelle, 1-8",French,Français,http://academienotredame.wordpress.com,"1936",2509740.94390536,7673733.77827192
"3516",DSF-NE,Francophone,Aux quatre vents,"499, promenade Les Jeux du Canada",NULL,Dalhousie,Restigouche,E8C 1V6,9-12,French,Français,http://blogueaqv.com,"1983",2507745.9869755,7673291.67651151
"3615",ASD-N,Anglophone,Dalhousie Regional High School,500 Canada Games Drive,NULL,Dalhousie,Restigouche,E8C 2P5,6-12,"English, French Immersion","Anglais, Immersion française",http://drhs.nbed.nb.ca,"1970",2508774.45609646,7673332.68873555
"3613",ASD-N,Anglophone,L.E. Reinsborough School,390 Adelaide Street,NULL,Dalhousie,Restigouche,E8C 3C4,"Kindergarten, 1-5","English, French Immersion","Anglais, Immersion française",http://ler.nbed.nb.ca,"1920",2509416.33257706,7673952.77948812
"3517",DSF-NE,Francophone,La Mosaïque du Nord,"385, avenue des Pionniers",NULL,Balmoral,Restigouche,E8E 1B2,"Maternelle, 1-8",French,Français,http://mosaiquedunord.wordpress.com,"2011",2504990.67497294,7666508.85653719
"4125",DSF-NE,Francophone,La Croisée,"1341, chemin Robertville",NULL,Robertville,Gloucester,E8K 2V9,"Maternelle, 1-8",French,Français,http://lacroisee.nbed.nb.ca,"1949",2554644.26989918,7633230.9884742
"4114",DSF-NE,Francophone,Le Tournesol,"63, rue LaPlante est",NULL,Petit-Rocher,Gloucester,E8J 1H4,"Maternelle, 1-3",French,Français,http://letournesol.nbed.nb.ca,"1949",2558757.49729501,7642818.37843513
"4158",DSF-NE,Francophone,Le Domaine Étudiant,"636, rue Principale",NULL,Petit-Rocher,Gloucester,E8J 1T7,4-8,French,Français,http://de.nbed.nb.ca/,"1977",2558426.9036307,7642544.87558687
"3601",ASD-N,Anglophone,Jacquet River School,3970 Main Street,NULL,Belledune,Restigouche,E8G 2P1,"Kindergarten, 1-8",English,Anglais,http://jacquet-river-school.nbed.nb.ca,"1967",2537004.41247475,7657773.73000106
"4157",DSF-NE,Francophone,Carrefour Étudiant,"795, rue École",NULL,Beresford,Gloucester,E8K 1V4,"Maternelle, 1-8",French,Français,http://carrefouretudiant.nbed.nb.ca,"1977",2559864.72801604,7634313.07781921
"4207",ASD-N,Anglophone,Superior Middle School,560 Duke Street,NULL,Bathurst,Gloucester,E2A 2X5,6-8,"English, French Immersion","Anglais, Immersion française",http://superiormiddleschool.nbed.nb.ca,"1988",2562482.38664248,7625043.45425858
"4260",ASD-N,Anglophone,Parkwood Heights Elementary School,1125 Highland Avenue,NULL,Bathurst,Gloucester,E2A 4P7,"Kindergarten, 1-5","English, French Immersion","Anglais, Immersion française",http://parkwood.nbed.nb.ca,"1981",2560482.28846462,7626353.1946758
"4156",DSF-NE,Francophone,École secondaire Népisiguit,"915, rue Sainte-Anne",NULL,Bathurst,Gloucester,E2A 6X1,9-12,French,Français,http://esn.nbed.nb.ca,"1970",2561339.72539341,7625423.24369893
"4159",DSF-NE,Francophone,Place-des-Jeunes,"975, rue Sainte-Anne",NULL,Bathurst,Gloucester,E2A 6X1,6-8,French,Français,http://pdj.nbed.nb.ca,"1986",2561209.66792129,7625424.62673893
"4161",DSF-NE,Francophone,Cité de l'Amitié,"1300, avenue St-Joseph",NULL,Bathurst,Gloucester,E2A 3R5,"Maternelle, 1-5",French,Français,http://citedelamitie.wordpress.com,"1994",2561178.12859326,7626791.1219722
"0858",ASD-N,Anglophone,Gretna Green School,15 Gretna Green Drive,NULL,Miramichi,Northumberland,E1V 5V6,"Kindergarten, 1-8","English, French Immersion","Anglais, Immersion française",http://gretnagreen.nbed.nb.ca,"1980",2574382.00175756,7558965.56683704
"0859",ASD-N,Anglophone,North & South Esk Elementary School,36 Northwest Road,NULL,Sunny Corner,Northumberland,E9E 1J4,"Kindergarten, 1-6","English, French Immersion","Anglais, Immersion française",http://nsee.nbed.nb.ca,"1983",2552055.06746477,7550162.82788484
"0825",ASD-N,Anglophone,North & South Esk Regional High School,40 Northwest Road,NULL,Sunny Corner,Northumberland,E9E 1J4,7-12,English,Anglais,http://nser.nbed.nb.ca,"1992",2552263.56461696,7550428.00497308
"0752",DSF-NE,Francophone,École René-Chouinard,"3, chemin Drisdelle Settlement",NULL,Lagaceville,Northumberland,E9G 2N3,"Maternelle, 1-8",French,Français,http://renechouinard.nbed.nb.ca,"1986",2599759.4822292,7581687.5506022
"0761",DSF-NE,Francophone,Centre scolaire communautaire La fontaine,"700, rue Principale",NULL,Néguac,Northumberland,E9G 1N4,"Maternelle, 1-12",French,Français,http://cslf.nbed.nb.ca/,"1993",2607480.55577239,7583557.40929194
"0802",ASD-N,Anglophone,Tabusintac Community School,66 Hierlihy Road,NULL,Tabusintac,Northumberland,E9H 1Z1,"Kindergarten, 1-8",English,Anglais,http://tabusintacschool.nbed.nb.ca,"2013",2611941.06252854,7593423.61320513
"1025",ASD-N,Anglophone,Dr. Losier Middle School,124 Henderson Street,NULL,Miramichi,Northumberland,E1N 2S2,6-8,"English, French Immersion","Anglais, Immersion française",http://drlosier.nbed.nb.ca,"1983",2579096.82403395,7558809.83627689
"1020",ASD-N,Anglophone,James M. Hill Memorial High School,128 Henderson Street,NULL,Miramichi,Northumberland,E1N 2S2,9-12,"English, French Immersion","Anglais, Immersion française",http://jmh.nbed.nb.ca,"1970",2579302.08829014,7558659.01490075
"0811",ASD-N,Anglophone,Miramichi Valley High School,345 McKenna Avenue,NULL,Miramichi,Northumberland,E1V 3S9,9-12,"English, French Immersion","Anglais, Immersion française",http://mvhs.nbed.nb.ca,"1972",2569724.53679322,7556739.95045096
"5301",DSF-S,Francophone,École Carrefour Beausoleil,"300, chemin Beaverbrook",NULL,Miramichi,Northumberland,E1V 1A1,"Maternelle, 1-12",French,Français,http://beausoleil.nbed.nb.ca,"1985",2569368.12668089,7556976.74264318
"1017",ASD-N,Anglophone,Nelson Rural School,26 St. Patricks Drive,NULL,Miramichi,Northumberland,E1N 5T9,"Kindergarten, 1-8","English, French Immersion","Anglais, Immersion française",http://nelsonrural.nbed.nb.ca,"1994",2571959.2046993,7553651.77406409
"1357",DSF-S,Francophone,École Anna-Malenfant,"500, rue Centrale Nord",NULL,Dieppe,Westmorland,E1A 6V7,"Maternelle, 1-5",French,Français,http://anna-malenfant.nbed.nb.ca,"1992",2637771.2982006,7455519.62165269
"1358",DSF-S,Francophone,École Grande-Digue,"365, Route 530",NULL,Grande-Digue,Kent,E4R 5C8,"Maternelle, 1-8",French,Français,http://grande-digue.nbed.nb.ca,"1984",2648886.47056295,7478901.90545047
"1553",ASD-E,Anglophone,Shediac Cape School,3375 Route 134,NULL,Shediac Cape,Westmorland,E4P 3G4,"Kindergarten, 1-8","English, French Immersion","Anglais, Immersion française",http://shediaccape.nbed.nb.ca,"1997",2649074.49757112,7472221.87728425
"1348",DSF-S,Francophone,École Amirault,"401, chemin Melanson",NULL,Dieppe,Westmorland,E1A 1A5,"Maternelle, 1-2",French,Français,http://amirault.nbed.nb.ca,"1969",2637849.20002467,7453712.69134701
"1335",DSF-S,Francophone,École Sainte-Thérèse,"500, rue Notre-Dame",NULL,Dieppe,Westmorland,E1A 5C2,"Maternelle, 1-5",French,Français,http://ste-therese.nbed.nb.ca,"2010",2635294.75010229,7456806.57307789
"1355",DSF-S,Francophone,École Mathieu-Martin,"511, rue Champlain",NULL,Dieppe,Westmorland,E1A 1P2,9-12,French,Français,http://mathieumartin.nbed.nb.ca,"1971",2636542.42690345,7457054.75458212
"1574",ASD-E,Anglophone,Lou MacNarin School,555 Gauvin Road,NULL,Dieppe,Westmorland,E1A 1M7,"Kindergarten, 1-5","English, French Immersion","Anglais, Immersion française",http://loumacnarin.nbed.nb.ca,"1995",2636652.36098355,7456815.8721499
"1361",DSF-S,Francophone,École Carrefour de l'Acadie,"515, rue Champlain",NULL,Dieppe,Westmorland,E1A 1P2,6-8,French,Français,http://carrefourdelacadie.nbed.nb.ca,"2006",2636647.64418355,7457138.3197662
"2522",ASD-W,Anglophone,Gagetown School,6 Loomcroft Lane,NULL,Gagetown,Queens,E5M 1H2,"Kindergarten, 1-8",English,Anglais,http://gagetown.nbed.nb.ca,"1960",2527715.3759221,7419652.23717129
"2501",ASD-W,Anglophone,Burton Elementary School,412 Route 102 Hwy,NULL,Burton,Sunbury,E2V 3C7,"Kindergarten, 1-2",English,Anglais,http://burton.nbed.nb.ca,"1961",2510046.68982564,7430570.82969346
"2412",ASD-W,Anglophone,Cambridge-Narrows Community School,2158 Lakeview Road,NULL,Cambridge-Narrows,Queens,E4C 1N8,"Kindergarten, 1-12",English,Anglais,http://cns.nbed.nb.ca,"1987",2542477.21619185,7426472.28120964
"1604",ASD-E,Anglophone,Petitcodiac Regional School,1 Corey Avenue,P.O. Box 2502,Petitcodiac,Westmorland,E4Z 6H4,"Kindergarten, 1-12","English, French Immersion","Anglais, Immersion française",http://prs.nbed.nb.ca,"1949",2602405.58155966,7437960.13274034
"1602",ASD-E,Anglophone,Havelock School,4530 Route 880,NULL,Havelock,Kings,E4Z 5K6,"Kindergarten, 1-5",English,Anglais,http://havelock.nbed.nb.ca/,"2006",2591658.05911765,7444322.14170627
"1921",ASD-S,Anglophone,Hampton Middle School,11 School Street,P.O. Box 250,Hampton,Kings,E5N 6B1,6-8,"English, French Immersion","Anglais, Immersion française",http://hamptonmiddle.nbed.nb.ca,"1956",2552275.41344897,7392802.49148228
"1939",ASD-S,Anglophone,Hampton Elementary School,82 School Street,NULL,Hampton,Kings,E5N 6B2,3-5,"English, French Immersion","Anglais, Immersion française",http://Hampton-Elementary.nbed.nb.ca,"1969",2552510.90784919,7392855.69289033
"1940",ASD-S,Anglophone,Dr. A. T. Leatherbarrow Primary School,122 School Street,NULL,Hampton,Kings,E5N 6B2,"Kindergarten, 1-2","English, French Immersion","Anglais, Immersion française",http://leatherbarrow.nbed.nb.ca,"1974",2552471.69236115,7393086.58927455
"1947",ASD-S,Anglophone,Hampton High School,34 Elizabeth Avenue,NULL,Hampton,Kings,E5N 5P7,9-12,"English, French Immersion","Anglais, Immersion française",http://www.Hamptonhigh.ca,"1992",2551695.26458443,7391071.72642467
"1944",ASD-S,Anglophone,Hammond River Valley Elementary School,1759 Route 860,P.O. Box 1062,Hampton,Kings,E5N 8H1,"Kindergarten, 1-5",English,Anglais,http://hrves.nbed.nb.ca,"1982",2558429.99342271,7387595.67726943
"2622",ASD-W,Anglophone,McAdam Avenue School,129 McAdam Avenue,NULL,Fredericton,York,E3A 1G7,"Kindergarten, 1-5",English,Anglais,http://maes.nbed.nb.ca,"1962",2486326.84967555,7442399.28205647
"2636",ASD-W,Anglophone,Nashwaaksis Middle School,324 Fulton Avenue,NULL,Fredericton,York,E3A 5J4,6-8,"English, French Immersion","Anglais, Immersion française",http://nasismiddle.nbed.nb.ca,"1976",2488927.57108597,7442792.22336884
"2621",ASD-W,Anglophone,Nashwaaksis Memorial School,80 Main Street,NULL,Fredericton,York,E3A 1C4,"Kindergarten, 1-5","English, French Immersion","Anglais, Immersion française",http://nms.nbed.nb.ca,"1948",2487605.30510074,7442286.05696837
"2623",ASD-W,Anglophone,Park Street Elementary School,111 Park Street,NULL,Fredericton,York,E3A 2J6,"Kindergarten, 1-5","English, French Immersion","Anglais, Immersion française",http://parkstreet.nbed.nb.ca,"1960",2488614.29121368,7442325.0273364
"2605",ASD-W,Anglophone,Devon Middle School,681 Dobie Street,NULL,Fredericton,York,E3A 2Z2,6-8,"English, French Immersion","Anglais, Immersion française",http://devonmiddle.nbed.nb.ca,"1952",2490340.43649529,7440887.89299907
"2640",ASD-W,Anglophone,Leo Hayes High School,499 Cliffe Street,NULL,Fredericton,York,E3A 9P5,9-12,"English, French Immersion","Anglais, Immersion française",http://leohayeshigh.nbed.nb.ca,"2000",2490566.7777435,7442099.9461202
"3215",DSF-NO,Francophone,École Grande-Rivière,"40, rue de l'École",NULL,Saint-Léonard,Madawaska,E7E 1Y6,"Maternelle, 1-12",French,Français,http://egr.nbed.nb.ca,"2003",2391761.07205148,7574695.56441968
"5001",ASD-W,Anglophone,John Caldwell School,130 Victoria Street,NULL,Grand-Sault/Grand Falls,Victoria,E3Z 3B7,"Kindergarten, 1-12","English, French Immersion","Anglais, Immersion française",http://jcs.nbed.nb.ca,"1990",2406088.32492882,7561673.43051956
"3205",DSF-NO,Francophone,École Mgr-Lang,"1365, rue Tobique",NULL,Drummond,Victoria,E3Y 2P4,"Maternelle, 1-6",French,Français,http://ecolemgrlang.nbed.nb.ca,"1962",2409617.66675611,7560716.98904667
"3211",DSF-NO,Francophone,Régionale-de-Saint-André,"477, rue de l'Église",NULL,Saint-André,Madawaska,E3Y 2Y2,"Maternelle, 1-6",French,Français,http://ersa.nbed.nb.ca/,"1953",2403902.02860679,7567539.00095702
"3218",DSF-NO,Francophone,Élémentaire Sacré-Coeur,"689, boul. Éverard H. Daigle",NULL,Grand-Sault/Grand Falls,Victoria,E3Z 3C5,"Maternelle, 1-6",French,Français,http://esc.nbed.nb.ca,"1988",2404419.56844727,7561317.80581523
"3217",DSF-NO,Francophone,Polyvalente Thomas-Albert,"215, rue Guimont",NULL,Grand-Sault/Grand Falls,Victoria,E3Y 1C7,7-12,French,Français,http://pta.nbed.nb.ca,"1969",2406516.29740922,7562610.24472843
"0118",DSF-NO,Francophone,Polyvalente A.-J.-Savoie,"210, rue Mgr Martin E",NULL,Saint-Quentin,Restigouche,E8A 1W1,7-12,French,Français,http://pajs.nbed.nb.ca,"1971",2433319.56796218,7613260.7188876
"0101",DSF-NO,Francophone,École Mgr-Martin,"15, rue Deschênes",NULL,Saint-Quentin,Restigouche,E8A 1M2,"Maternelle, 1-6",French,Français,http://ecolemgr-martin.nbed.nb.ca,"1959",2433031.59855392,7612721.0588551
"0117",DSF-NO,Francophone,École Écho-Jeunesse,"18, rue Fraser",NULL,Kedgwick,Restigouche,E8B 1E6,"Maternelle, 1-7",French,Français,http://echo.nbed.nb.ca,"1956",2436285.05097295,7627933.67006927
"0109",DSF-NO,Francophone,École Marie-Gaétane,"16, rue Fraser",NULL,Kedgwick,Restigouche,E8B 1E6,8-12,French,Français,http://emg.nbed.nb.ca,"1974",2436359.01692502,7627933.17406927
"3818",ASD-N,Anglophone,Tide Head School,232 Restigouche Drive,NULL,Tide Head,Restigouche,E3N 4K7,"Kindergarten, 1-5",English,Anglais,http://ths.nbed.nb.ca,"1947",2479972.50842163,7664933.44533573
"2068",ASD-S,Anglophone,Grand Bay Primary School,92 Woolastook Drive,NULL,Grand Bay-Westfield,Kings,E5K 1S4,"Kindergarten, 1-2","English, French Immersion","Anglais, Immersion française",http://gbp.nbed.nb.ca,"1947",2523867.77694251,7368220.06470739
"2016",ASD-S,Anglophone,Inglewood School,10 School Street,NULL,Grand Bay-Westfield,Kings,E5K 1R6,3-5,English,Anglais,http://inglewood.nbed.nb.ca/,"1960",2523740.8737744,7367783.17677098
"2072",ASD-S,Anglophone,River Valley Middle School,33 Epworth Park Road,NULL,Grand Bay-Westfield,Kings,E5K 1W1,6-8,"English, French Immersion","Anglais, Immersion française",http://rvms.nbed.nb.ca,"1976",2523642.85329431,7369040.87034015
"2062",ASD-S,Anglophone,Westfield School,147 Nerepis Road,NULL,Grand Bay-Westfield,Kings,E5K 2Z5,"Kindergarten, 1-5","English, French Immersion","Anglais, Immersion française",http://westfieldelem.nbed.nb.ca,"1951",2521576.05649238,7371467.84224641
"1811",ASD-S,Anglophone,Norton Elementary School,274 Route 124,P.O. Box 333,Norton,Kings,E5T 1J7,"Kindergarten, 1-5",English,Anglais,http://norton.nbed.nb.ca,"1923",2562322.17109033,7404807.86800547
"1945",ASD-S,Anglophone,Belleisle Regional High School,1800 Route 124,NULL,"Springfield,Kings County",Kings,E5T 2K2,6-12,"English, French Immersion","Anglais, Immersion française",http://belleisleregional.nbed.nb.ca,"1983",2552016.78624873,7408081.22416851
"1938",ASD-S,Anglophone,Belleisle Elementary School,1775 Route 124,NULL,"Springfield,Kings County",Kings,E5T 2J9,"Kindergarten, 1-5",English,Anglais,http://belleisleelementary.nbed.nb.ca,"1969",2552329.42343302,7408003.76740044
"1925",ASD-S,Anglophone,Macdonald Consolidated School,3950 Route 845,NULL,Kingston,Kings,E5N 1E9,"Kindergarten, 1-8","English, French Immersion","Anglais, Immersion française",http://macdonald.nbed.nb.ca,"1981",2541027.6498545,7389228.67400695
"2642",ASD-W,Anglophone,Gibson-Neill Memorial Elementary School,67 Wyngate Drive,NULL,Fredericton,York,E3A 6G1,"Kindergarten, 1-5","English, French Immersion","Anglais, Immersion française",http://gnmes.nbed.nb.ca,"2013",2491705.20692856,7442334.16000841
"5139",DSF-S,Francophone,École Les Éclaireurs,"160, promenade Eco Terra",NULL,Fredericton,York,E3A 9M1,"Maternelle, 1-8",French,Français,NULL,"2015",2490908.09089582,7441212.00269537
"0625",DSF-NE,Francophone,École L'Étincelle,"70, rue de l'Église",NULL,Sainte-Marie-Saint-Raphaël,Gloucester,E8T 1N8,"Maternelle, 1-8",French,Français,http://etincelle.nbed.nb.ca,"1982",2644710.99779106,7646453.28275852
"0604",DSF-NE,Francophone,École Soeur-Saint-Alexandre,"65, rue de l'École",NULL,Lamèque,Gloucester,E8T 1B7,"Maternelle, 1-8",French,Français,http://sr-saint-alexandre.nbed.nb.ca/,"2001",2638709.24879347,7645742.99360585
"0627",DSF-NE,Francophone,École L'Envolée,"135, rue de l'École",NULL,Shippagan,Gloucester,E8S 1V5,"Maternelle, 1-8",French,Français,http://envolee.nbed.nb.ca,"1992",2632690.37377986,7639236.36038379
"0601",DSF-NE,Francophone,École Marie-Esther,"201, rue Hôtel de Ville",NULL,Shippagan,Gloucester,E8S 1L1,9-12,French,Français,http://eme.nbed.nb.ca,"1970",2633721.95918883,7639417.03583996
"0609",DSF-NE,Francophone,École La-Rivière,"11291, Route 11",NULL,Pokemouche,Gloucester,E8P 1H9,"Maternelle, 1-8",French,Français,http://lariviere.nbed.nb.ca,"1964",2621922.98100184,7630903.38104803
"2407",ASD-W,Anglophone,Minto Memorial High School,126 Park Street,NULL,Minto,Queens,E4B 3K9,9-12,English,Anglais,http://mintomemorial.nbed.nb.ca,"1949",2533706.96056768,7453113.93166645
"2411",ASD-W,Anglophone,Minto Elementary Middle School,42 Cedar Street,NULL,Minto,Queens,E4B 2Z9,"Kindergarten, 1-8","English, French Immersion","Anglais, Immersion française",http://mems.nbed.nb.ca/,"1980",2535082.21138496,7453983.39201926
"2404",ASD-W,Anglophone,Chipman Elementary School,159 Bridge Street,NULL,Chipman,Queens,E4A 1R8,"Kindergarten, 1-5",English,Anglais,http://chipman.nbed.nb.ca,"1967",2547095.14694815,7464790.50178933
"2413",ASD-W,Anglophone,Chipman Forest Avenue School,33 Forest Avenue,NULL,Chipman,Queens,E4A 1Z8,6-12,English,Anglais,http://cfasnewsnet.nbed.nb.ca,"1988",2548830.44781376,7464967.30434949
"2602",ASD-W,Anglophone,Barkers Point Elementary School,39 Carmen Avenue,NULL,Fredericton,York,E3A 3W9,"Kindergarten, 1-5","English, French Immersion","Anglais, Immersion française",http://bps.nbed.nb.ca,"1946",2490854.54516777,7439149.82477345
"3317",DSF-NO,Francophone,École Régionale Saint-Basile,"247, rue Principale",NULL,Saint-Basile,Madawaska,E7C 1H7,"Maternelle, 1-8",French,Français,http://ersb.nbed.nb.ca,"2004",2369584.31683083,7596705.03477618
"3325",DSF-NO,Francophone,Cité des Jeunes A.-M.-Sormany,"300, rue Martin",C. P. 130,Edmundston,Madawaska,E3V 3K8,9-12,French,Français,http://cdj.nbed.nb.ca,"1971",2363287.61346496,7598389.63471375
"3309",DSF-NO,Francophone,École Notre-Dame,"99, rue Martin",NULL,Edmundston,Madawaska,E3V 2M7,"Maternelle, 1-8",French,Français,http://ecolenotredame.nbed.nb.ca,"1940",2362319.66978406,7598635.87484198
"3320",DSF-NO,Francophone,École Mgr-Matthieu-Mazerolle,"4, rue de l'École",NULL,Rivière-Verte,Madawaska,E7C 2R4,"Maternelle, 1-8",French,Français,http://mgrmatthieumazerolle.nbed.nb.ca/,"1983",2375907.78448472,7592101.0004679
"3321",DSF-NO,Francophone,École Régionale Sainte-Anne,"39, rue St-Joseph",NULL,Sainte-Anne-de-Madawaska,Madawaska,E7E 1K8,"Maternelle, 1-8",French,Français,http://steanne.nbed.nb.ca/,"1953",2384263.0495165,7584435.50286075
"0910",ASD-W,Anglophone,Central New Brunswick Academy,NULL,7263 Route 8 Hwy,"New Bandon, Northumb Co.",Northumberland,E9C 2A7,6-12,English,Anglais,http://cnba.nbed.nb.ca,"2010",2515872.86787907,7499866.89849399
"3905",DSF-S,Francophone,École Régionale de Baie-Sainte-Anne,"5362, Route 117",NULL,Baie-Sainte-Anne,Northumberland,E9A 1V9,"Maternelle, 1-12",French,Français,http://erbsa.nbed.nb.ca,"1961",2616588.73421287,7562079.27922393
"1013",ASD-N,Anglophone,Miramichi Rural School,7366 Route 117,NULL,Miramichi Bay,Northumberland,E1N 5L7,"Kindergarten, 1-8",English,Anglais,http://miramichirural.nbed.nb.ca,"1986",2600208.31128561,7560601.86149456
"1014",ASD-N,Anglophone,Napan Elementary School,225 South Napan Road,NULL,Napan,Northumberland,E1N 4W2,"Kindergarten, 1-5",English,Anglais,http://napan.nbed.nb.ca,"1962",2583546.9150461,7557897.58334804
"0839",ASD-N,Anglophone,Millerton Elementary & Junior High School,4711 Route 108 Hwy,NULL,Derby,Northumberland,E1V 5C3,"Kindergarten, 1-8",English,Anglais,http://millertonschool.nbed.nb.ca,"1989",2564033.93467592,7543213.83088636
"0905",ASD-W,Anglophone,Upper Miramichi Elementary School,3460 Route 625,NULL,Boiestown,Northumberland,E6A 1C8,"Kindergarten, 1-5",English,Anglais,http://umes.nbed.nb.ca/,"1965",2505069.48751701,7494580.67525707
"0901",ASD-W,Anglophone,Doaktown Elementary School,430 Main Street,NULL,Doaktown,Northumberland,E9C 1E8,"Kindergarten, 1-5",English,Anglais,http://doaktownelementary.nbed.nb.ca,"1953",2528737.39896305,7506354.53536404
"0843",ASD-N,Anglophone,Blackville School,12 MacLaggan Drive,NULL,Blackville,Northumberland,E9B 1Y4,"Kindergarten, 1-12","English, French Immersion","Anglais, Immersion française",http://blackville.nbed.nb.ca,"1974",2550623.18739943,7526858.52591113
"2911",ASD-W,Anglophone,Townsview School,122 Lewis P. Fisher Lane,NULL,Woodstock,Carleton,E7M 0G6,"Kindergarten, 1-8","English, French Immersion","Anglais, Immersion française",http://townsview.nbed.nb.ca,"2014",2416767.17869877,7462724.1532434
"2910",ASD-W,Anglophone,Meduxnekeag Consolidated School,200 School Street,NULL,Woodstock,Carleton,E7M 0G7,"Kindergarten, 1-8","English, French Immersion","Anglais, Immersion française",http://meduxnekeag.nbed.nb.ca,"2014",2413503.91379973,7460809.02684162
"5202",DSF-S,Francophone,École des Pionniers,"250, chemin Quispamsis",NULL,Quispamsis,Kings,E2E 0R7,"Maternelle, 1-5",French,Français,NULL,"2014",2542035.01638344,7380682.022735
"1364",DSF-S,Francophone,École Antonine-Maillet,"401, chemin Melanson",NULL,Dieppe,Westmoreland,E1A 1A5,6-8,French,Français,NULL,"2018",2640060.23925873,7453984.27534726
"1948",ASD-S,Anglophone,Chris Saunders Memorial Elementary School,187 Pettingill Road,NULL,Quispamsis,Kings,E2E 3S8,"Kindergarten, 1-5","English, French Immersion","Anglais, Immersion française",http://ChrisSaunders.nbed.nb.ca/,"2015",2541490.30790293,7380819.25831912
"0860",ASD-N,Anglophone,Max Aitken Academy,58 Crocker Cresent,NULL,Miramichi,Northumberland,E1V 3T8,"Kindergarten, 1-8","English, French Immersion","Anglais, Immersion française",NULL,"2017",2570164.74901763,7555419.86648173
"1334",DSF-S,Francophone,École Champlain,"210, promenade Erinvale",NULL,Moncton,Westmorland,E1A 9T4,"Maternelle, 1-7",French,Français,http://champlain.nbed.nb.ca,"2016",2636409.07765533,7459348.90127226
"1363",DSF-S,Francophone,École Le Marais,"401, chemin Melanson",,Dieppe,Westmorland,E1A 1A5,3-5,French,Français,,"2018",2640002.73922144,7454050.94553587
"1026",ASD-N,Anglophone,King Street Elementary School,101 King Street,NULL,Miramichi,Northumberland,E1N 2N1,"Kindergarten, 1-5","English, French Immersion","Anglais, Immersion française",NULL,"2017",2579336.50928218,7559179.74693323
"3724",DSF-NE,Francophone,Le Galion des Appalaches,"61, rue Dover",NULL,Campbellton,Restigouche,E3N 1P7,"Maternelle, 1-8",French,Français,NULL,"2017",2487676.31591681,7666868.05372153
"2075",ASD-S,Anglophone,Seaside Park Elementary School,627 Havelock Street,NULL,Saint John,Saint John,E2M 2V4,"Kindergarten, 1-5","English, French Immersion","Anglais, Immersion française",NULL,"2017",2532822.72581486,7361141.5304288
